,time,relratio,reltrue,rat,rat_min95,rat_max95
0,UP0056_HHE2.combined,1.0,1.0,0.35107258668936037,0.22792456604065456,0.4129040730982701
