{
  "N": 14,
  "P": 5,
  "C": 7,
  "pid": [
    1,
    1,
    1,
    2,
    2,
    3,
    3,
    3,
    4,
    4,
    4,
    4,
    5,
    5
  ],
  "prev": [
    0,
    1,
    2,
    0,
    4,
    0,
    6,
    7,
    0,
    9,
    10,
    11,
    0,
    13
  ],
  "dt": [
    0.0,
    698.0,
    1.0,
    0.0,
    378.0,
    0.0,
    20.0,
    140.0,
    0.0,
    853.0,
    23.0,
    228.0,
    0.0,
    238.0
  ],
  "cprev": [
    0,
    1,
    2,
    0,
    1,
    0,
    1,
    5,
    0,
    1,
    2,
    3,
    0,
    1
  ],
  "y": [
    -13.815509557963773,
    -0.6783786774554698,
    0.40354607169309764,
    -13.815509557963773,
    -0.6930042114664766,
    -13.815509557963773,
    -2.8266736434101514,
    -1.32077397516897,
    -13.815509557963773,
    -0.30640365390510566,
    -0.6280371596879574,
    -0.3109325882174299,
    -13.815509557963773,
    -0.6143278634177022
  ],
  "se_y": [
    0.001,
    0.8918832247196042,
    0.45872314845207934,
    0.001,
    0.2192848813907118,
    0.001,
    0.4097064923222368,
    0.32484643613670455,
    0.001,
    0.3099050432102329,
    0.4745812998374671,
    0.35940198704372606,
    0.001,
    0.22145270561557395
  ],
  "log_ca125": [
    7.751045117971802,
    7.392031567514591,
    7.392031567514591,
    8.785692444451245,
    7.83241092718792,
    9.093918908958932,
    9.132054453577638,
    8.412277021466677,
    3.4011973816621555,
    3.970291913552122,
    3.970291913552122,
    3.258096538021482,
    9.072686206677387,
    8.154500175151941
  ]
}