,time,relratio,reltrue,rat,rat_min95,rat_max95
0,UP0042HHT1,1.0,1.0,0.33336510490639215,0.24454896976758073,0.43332383857377693
