,time,relratio,rat,rat_sd,rat_twostep,rat_min95,rat_max95
0,UP0018HHT2,0.666614063338529,0.33662326089350203,0.11168752880254439,0.39966135772278355,0.17253065842483808,0.5449518016661311
1,UP0018_HHE1.combined,1.0,0.5995393432313805,0.06456506853902486,0.5995393432313805,0.5360094339441471,0.7395025988117134
